,A,B,C,D
2000-01-01,-2.54042462286525,-0.9844552283893059,1.1867260792963015,0.2623031783155217
2000-01-02,-1.0180586358356551,-0.9510059040762558,0.9475474315357797,-1.7726857967113565
2000-01-03,-0.8079834440793335,0.2329484621580712,0.9098220369959177,-0.6399881812106076
2000-01-04,-1.2323392282028252,1.6215683329230814,0.6426431616641118,-0.20510819246661255
2000-01-05,-0.4187637977957348,3.553279445188279,1.7916779507252665,0.508609712262049
2000-01-06,-1.4940918660980773,3.486555599570138,2.836750196934041,-1.3583741358060153
2000-01-07,-3.2594394929710404,1.9468630544760286,1.9059498077044408,-2.995091698841991
2000-01-08,-4.5665649191647555,0.4932831667428499,0.7329803593180046,-1.8543746567147992
2000-01-09,-5.227382947498268,-0.1823972306605406,0.5743246543817526,-1.289386943698272
2000-01-10,-4.5746044941814485,-0.09247645530820302,1.1896931461747502,-2.2513898174626963
2000-01-11,-5.245794562200636,0.564055340102515,1.6227988464374898,-1.7305199660802235
2000-01-12,-3.8239152915445342,0.852884852264973,1.5059549505698617,-2.2501056523530165
2000-01-13,-3.9059775396011,2.353220023121106,1.2101346981873191,-3.0339342952300665
2000-01-14,-3.5594211851829165,3.2452111208224252,2.2307511273649983,-3.2249478595649728
2000-01-15,-2.462706531536654,3.334388202972953,1.236243929207486,-3.22025535735584
2000-01-16,-1.6690256796154566,1.7730734328669142,2.7427735915902023,-3.5988471605389156
2000-01-17,-3.3952962075766306,1.7398558563784496,3.101017509052606,-4.440622710226698
2000-01-18,-3.304822845324949,1.1955652463693986,2.4116337176344973,-5.674195017445565
2000-01-19,-1.9560369404471964,0.587742664078863,3.4571354422902965,-6.180844688575728
2000-01-20,-2.1183827320073783,0.7986890275527974,2.9143026592875882,-5.84510764136739
2000-01-21,-1.0841425422758817,-0.20813550923379465,2.2482302674318726,-6.270294884010796
2000-01-22,-1.676875434614074,-2.1746071602621293,2.5177815823223777,-6.182869809939559
2000-01-23,-2.0735147850181312,-1.9621738316946564,1.4411192325110123,-4.807819903559805
2000-01-24,-1.419577535088488,-0.6438468814030232,1.176792862967226,-5.832412701673716
2000-01-25,-0.8282715912068446,-0.8889582027671674,1.0155913952094218,-5.333635252273011
2000-01-26,-0.3053843204547214,1.0673828176350824,1.0311583569033094,-6.2933298567639495
2000-01-27,0.15504885547109337,0.2535838633482972,-0.6116612028316579,-7.562841968089914
2000-01-28,-0.3694686286459742,0.43083735918254373,-0.7685301863458694,-8.405711480401022
2000-01-29,-0.42417984437929956,0.20464584055546495,0.17134945795743495,-6.373323723376844
2000-01-30,-2.052311042903506,0.6999857585670827,0.1943001387913119,-7.359778400549573
2000-01-31,-1.3217015866434834,0.6442306588201556,0.25396895567140965,-7.506434495863285
2000-02-01,-2.319049394094561,1.7790996757132291,0.16397352214510794,-7.383960643534855
2000-02-02,-0.52808843350441,0.620686506776368,-0.14890386811614661,-9.041260411026338
2000-02-03,-0.276618905268379,0.8062643670945981,-1.6390630694720674,-6.923041854512427
2000-02-04,-0.7860099596089598,1.5670469893810743,-2.1832304720157563,-8.655392191827682
2000-02-05,0.4997946256205408,1.776719989338179,-0.166051532909246,-7.125595326392897
2000-02-06,-0.2649541749947443,1.6030417601617668,0.6983404377762313,-7.2854011965156635
2000-02-07,-0.09645143935072698,2.223432868696765,2.9208219081194136,-7.969226669098855
2000-02-08,0.2217100469017107,1.1119403782885555,3.5394371447520534,-8.070804589621698
2000-02-09,0.9573331851150164,0.1644605069285523,4.550335670305932,-8.209863324610591
2000-02-10,1.4329946168901508,-1.7840125688804698,4.444693963336221,-8.436776242675558
2000-02-11,0.5843283121315355,-0.8661894957872224,3.0357749009177866,-9.731779847021429
2000-02-12,-0.16749114669855591,-1.6462112148767845,4.62876112547537,-10.02432171148141
2000-02-13,-0.8942723566560492,-1.164342568404377,3.526005394841733,-9.022534762337326
2000-02-14,-1.0085498588581085,-0.7225491761732112,3.7569381109480555,-8.780915535659108
2000-02-15,-1.4232413968880342,0.05640543018076449,4.716612606150233,-7.411191970407206
2000-02-16,-2.547962596697963,-0.8651409729972664,2.979832622243684,-6.737638088211786
2000-02-17,-2.314660385501968,-0.6772967494718052,1.3463625430834825,-6.571369038528491
2000-02-18,-1.90119805855216,-0.743697109367729,0.8015679422926109,-7.425965945882417
2000-02-19,-1.9566664178754976,0.35040256703429107,1.4079562167373012,-8.935270764678604
2000-02-20,-1.9214806034160206,-0.4157496256816593,2.5013783994689014,-8.864254051010072
2000-02-21,-1.9890159825783145,0.48735118816432055,3.282675726356954,-9.71172412549652
2000-02-22,-4.0009574784196005,0.40488636312244025,2.6087032605722276,-9.412957174334183
2000-02-23,-3.5303201069274386,-0.6393175088082734,2.944245457634615,-8.88876136681965
2000-02-24,-3.4054445397567314,-0.07164588849677966,3.6133715528341837,-9.265174532323774
2000-02-25,-4.838733263581481,0.8129891703090789,4.138303812705631,-10.762652231183507
2000-02-26,-5.823884576242181,1.0885640162899903,5.563744235645096,-11.328855520768695
2000-02-27,-6.139375705145397,1.2083796349655553,6.209357671158587,-12.438743601161898
2000-02-28,-5.543404629634291,0.0731391494842557,4.5899191393903225,-12.147016401965896
2000-02-29,-5.485830383121514,-0.2955933729670601,2.924962778578757,-12.712332014499404
2000-03-01,-5.820214314778651,1.5154618292704483,3.655801221664986,-13.029047067021406
2000-03-02,-3.7957361837316763,2.81468923146714,2.658642627398904,-11.778746369419814
2000-03-03,-4.542232310734143,2.5962565981600427,4.179586254528687,-12.17834450538673
2000-03-04,-4.666001121858412,0.9253226875215954,4.404693476109656,-11.940798702673629
2000-03-05,-5.324660290393671,1.1480762042170864,5.009208119458945,-11.963408587136716
2000-03-06,-3.8614779225171976,1.7058606547445214,6.761188748838374,-11.277584197550853
2000-03-07,-2.3303943031238186,1.00189874410191,8.04828438803238,-10.364164904817073
2000-03-08,-0.9421062901031927,0.9460607604361098,7.716953656671828,-9.223910118984769
2000-03-09,0.6096331230358225,2.059998096212723,8.262713015532391,-8.524814648738257
2000-03-10,-0.12215908002377018,1.2459075872709788,9.160910351698547,-6.91451826086721
2000-03-11,1.6437192124930278,0.729217507098822,8.36948974113524,-5.799455041265287
2000-03-12,3.053403591628671,0.6924060480953471,6.880970125633845,-5.470657584370465
2000-03-13,2.7515320939191543,2.113323229049722,7.089913084222799,-5.256570725200374
2000-03-14,3.583553565644145,3.15935008619148,7.255679822228073,-4.710804020056453
2000-03-15,3.8109224373515467,4.194901281966732,7.314439206811086,-3.278998433154281
2000-03-16,3.0146612097172203,4.571597713550453,6.525122805649407,-3.7675196920949356
2000-03-17,3.617515757700293,4.928711129973623,5.828292334489135,-4.65826126524569
2000-03-18,3.9188204081331186,4.112634697845758,4.823906085831975,-3.0590166925003417
2000-03-19,2.2316985582205344,1.9113340425359873,4.684460602326953,-3.954743300950624
2000-03-20,3.007269302770519,2.0226171726232645,6.010464069766158,-3.2532732939301123
2000-03-21,3.8971950281238557,1.2989536683854765,4.735568690560692,-3.772462366451861
2000-03-22,1.5062998702336263,1.650142294997957,4.107216523031876,-2.5327305086727794
2000-03-23,0.3687203492765849,1.7782309508779504,3.3291878257940772,-0.24164792171569216
2000-03-24,1.183007129634168,1.5004254253869151,3.9091773563742596,-1.481310111715776
2000-03-25,1.3599198586686327,1.1560264046423536,3.741864000124099,-2.9975542998788063
2000-03-26,0.8897169596863082,2.338460923734081,1.3195523030776708,-1.1959043402167921
2000-03-27,3.5768867207954087,2.0487011958727654,1.050938544889628,-3.4847517381676996
2000-03-28,4.400653982015585,1.3316181528569158,0.4188162074422349,-1.7671382566569707
2000-03-29,4.515169713129927,0.6591693083242673,2.6989844527605187,-2.2348344758697314
2000-03-30,5.670400312467205,0.011934672138380065,2.413896499035355,-2.292921169924543
2000-03-31,4.216072639726871,0.7548825521211936,1.3494863896125762,-2.0837668348637948
2000-04-01,4.041408757232725,0.5193866725200749,1.4485807679074583,-3.5944441205730016
2000-04-02,5.165422199188354,1.4666645341411957,1.600641801101848,-3.168651905519872
2000-04-03,7.264440571663397,1.5742196207819696,1.7366939460014934,-3.4993119819681215
2000-04-04,7.708606849228181,-0.2299274417343633,2.580112684345748,-2.8995204212593073
2000-04-05,6.621819483218346,0.7760636794358429,1.1816338309964707,-2.6282557162738893
2000-04-06,8.145415330155785,0.6270209444700833,0.7478019316580717,-2.7859352995579267
2000-04-07,7.0690486140828686,1.249162191501327,1.4841949627784379,-2.313112442449401
2000-04-08,5.421377902020979,1.1159254559778817,1.9460931586756858,-2.9953743596232756
2000-04-09,6.5212926012539185,1.3098160974417374,0.8486666407095975,-4.122378187251956
2000-04-10,6.037487029054504,2.0204772803739925,0.9140934927185603,-4.9409761930343805
2000-04-11,6.6569251576077475,1.8210871617413755,1.2685078212467775,-5.230909775668955
2000-04-12,7.8967181772602855,4.046165516406768,1.3311294916201413,-5.3969723709264645
2000-04-13,8.512189625345343,2.986598262319794,2.174144048273286,-5.13308087320322
2000-04-14,8.034344324654656,3.1029057499400463,4.188077869022617,-2.651249878486242
2000-04-15,7.377438329255259,1.4351286720422078,3.5933599208814693,-1.8972921238563516
2000-04-16,6.788185667904125,1.0875198617962218,4.615823998454976,-1.5889632450412838
2000-04-17,6.415370364795405,1.446539425857851,3.259058939025392,0.31399911059994934
2000-04-18,5.463897725278888,1.7225130317618227,3.527919334968721,0.023374247262061554
2000-04-19,4.764035380477957,0.7515295444581372,2.8808236497077058,-1.6789832026999174
2000-04-20,5.151450304636441,0.19915104703326414,3.295777690983596,-1.8771148130521984
2000-04-21,5.855225090061659,-0.566196341966223,4.680561717632793,-1.02869652978399
2000-04-22,5.396359369806736,-1.962487413180623,4.573210973742868,-1.1191934300875432
2000-04-23,4.71914390430666,-2.4534443632331984,4.791464968016718,-1.9441685070525834
2000-04-24,5.640886686535688,-1.991310932761166,2.732974172679523,-2.0271985562769417
2000-04-25,4.5085152651043225,-1.5585033999482647,1.7741549818817393,-2.6905078459884915
2000-04-26,5.140005661144921,-0.991901815200688,0.43923637743108834,-1.6776735165298693
2000-04-27,6.885384815213808,-2.06121335422329,-2.0169584166195316,-2.1815668851078898
2000-04-28,6.3766582504860985,-2.2389812734569374,-3.0872836017678775,-2.263439543970251
2000-04-29,6.130503182028056,-3.5724666238310023,-1.5086711104630686,-1.453826409375245
2000-04-30,7.121348522452112,-3.8848975653780937,0.6372700503568294,-1.8891095150491832
2000-05-01,6.572865132629984,-3.7595613354916106,-0.11249823950771265,-2.318217976426841
2000-05-02,7.216481549522329,-3.5429039928826627,1.1121928816469078,-2.0681583808541
2000-05-03,6.084187153601072,-3.7311179737962594,2.0778379341222433,-3.233439758064515
2000-05-04,4.937867617593932,-3.9421683342007143,2.510597476583494,-3.129888813944071
2000-05-05,3.56439462794779,-5.245568142404942,3.912520674774469,-4.196981278086798
2000-05-06,2.5160072022078266,-3.91847033865338,2.1456542216244654,-3.5174701688858545
2000-05-07,2.3993347204322517,-3.3536615871855298,2.522951755893925,-2.7976017668266273
2000-05-08,1.6821582644757278,-4.10342483571346,3.8780831694277778,-1.559165909725703
2000-05-09,-0.6799202293008406,-4.5856246551290525,2.9177620000902715,-3.6435872159158453
2000-05-10,-0.10917302333810919,-5.632689660360996,2.0385439174479414,-3.0875509071077034
2000-05-11,-0.33052864043100555,-7.369763874311521,2.284106015798341,-4.080335800985715
2000-05-12,0.3229238452314043,-7.2307308153477425,3.704748498244256,-3.475565950927742
2000-05-13,-0.4904314733742909,-8.090855726651103,5.78987051682876,-2.974462328483373
2000-05-14,-1.939163948704118,-8.96482636752237,6.644744387992712,-2.521193859604971
2000-05-15,-1.1017171134907007,-8.743818925998692,6.088535967647542,-2.516665087863134
2000-05-16,-0.5465336771820136,-10.47944711991873,3.7883860807958993,-3.1856503625563812
2000-05-17,-0.20133910565965085,-10.209700959632297,3.803760973223608,-3.2591999701622556
2000-05-18,-0.896580538687004,-11.987171721531269,4.921733898775196,-2.1510144075644932
2000-05-19,-1.3598857413434817,-12.378328816507995,4.406357715676765,-1.1358491549565464
2000-05-20,-1.3004794299681877,-12.15733495707874,3.551752685409147,-2.061007870186188
2000-05-21,-0.3477324359261176,-11.864705410494333,2.675713061913354,-2.3559311362658693
2000-05-22,0.38964111443464444,-10.670118428480963,2.9916607570752247,-2.083557389018687
2000-05-23,1.007855872534008,-11.86573205253766,4.762277416694524,-3.041809105600511
2000-05-24,0.5309869189342848,-11.376145728845016,3.9999261971617344,-1.595081040529153
2000-05-25,1.0958544609226264,-11.597757642498228,4.296168856285771,-2.0375186461417742
2000-05-26,1.2524628645977778,-12.627028544140321,3.180639203660431,-1.3386271829382856
2000-05-27,1.4211375508445598,-13.076793089446934,5.518977661947682,0.17861174788191114
2000-05-28,2.651907113444361,-12.572055171508683,5.60937367000722,0.2541779137870712
2000-05-29,1.1964837966246833,-12.637248491711379,5.980210453013725,-1.4087732792288763
2000-05-30,0.12536822261617564,-11.246237726777029,7.578438932711304,-1.2192426920120474
2000-05-31,-0.6978635583308521,-12.931203838209276,6.381308698689414,-0.8489600916450346
2000-06-01,-1.5799361973226975,-12.101836560413846,7.852746025770152,-1.1980145610360837
2000-06-02,-1.989151415789209,-11.55363428340063,7.019411513807921,-0.40443103048072204
2000-06-03,-1.7362458077966312,-12.421196103621087,6.1673959510666805,0.6770575275670777
2000-06-04,-3.099309056209988,-12.54789753683433,6.873556922564772,1.8473957272487866
2000-06-05,-3.2893812420308435,-11.04787846463069,5.875386379731032,3.402165912101764
2000-06-06,-3.3186965061830254,-10.452427231856262,4.62109250833625,4.919640149503255
2000-06-07,-4.205333908402772,-11.162377837683245,3.6735346390532078,4.120737671687614
2000-06-08,-5.209656043540067,-11.611053062596106,4.873549612649213,3.8589001964942367
2000-06-09,-6.240303690625468,-12.267776100882926,4.128428866578278,3.4283612931066547
2000-06-10,-7.802702014948492,-12.809680588571567,2.747518138370201,3.941555970037256
2000-06-11,-7.415032303254072,-14.082745568442194,3.523681589187912,4.834497420940124
2000-06-12,-6.372809156781253,-13.909910313212922,3.6802197632576124,4.309784774714408
2000-06-13,-6.389912553496199,-12.097845181082974,3.8220487386499795,4.65807089713506
2000-06-14,-5.87006057689129,-11.398705831971466,4.2677838591129635,4.163458004460523
2000-06-15,-3.513677203138519,-9.00820950913758,7.151477518000837,4.36304598895616
2000-06-16,-4.087878773208872,-8.386540446635312,7.113090705637106,3.499491021927317
2000-06-17,-4.918155449824949,-8.327278059393308,8.03416199821211,3.0541640438975413
2000-06-18,-5.194962479146787,-8.55358675821383,7.643654663453624,2.176896454317909
2000-06-19,-5.5917583249406935,-9.240721067882927,8.801055584439863,1.3431234793623923
2000-06-20,-7.092551374811503,-9.668997596921125,6.753489732259212,2.618295426253612
2000-06-21,-6.649348360409169,-11.761408743050916,4.201764423577082,3.6402487170789026
2000-06-22,-5.1421880727278815,-11.093347021296157,2.9490849984954686,2.872470991284142
2000-06-23,-4.527678866250248,-12.593389717249853,2.731341645421803,4.517987518532655
2000-06-24,-3.2462810633343615,-12.45364809976106,2.4040626965213887,4.732903480732517
2000-06-25,-3.385760449331724,-13.219125783065826,2.4128931193203758,5.763443119355099
2000-06-26,-4.502957645077156,-13.213900844992443,1.3972332204575757,7.201555343317631
2000-06-27,-3.870737199389275,-13.179342120546377,1.8093744380409076,7.354255456447515
2000-06-28,-5.557324265861339,-14.599813392163803,2.801306811565479,4.391139334587958
2000-06-29,-6.664909068191518,-15.302307561849638,3.920095400452503,6.1368464335820585
2000-06-30,-6.501379663634365,-14.013576519346717,0.9033341803865529,4.8518555437892825
2000-07-01,-7.671254428017079,-15.074305481116001,1.6946936974089217,6.347174209936352
2000-07-02,-6.778479835916774,-14.86681511962668,2.6407488707896896,6.587605862781713
2000-07-03,-5.389993097590503,-14.852521896228485,3.1812002453269956,4.88700044863909
2000-07-04,-4.519650540138851,-15.446764104770194,2.865763181982869,3.86564699636947
2000-07-05,-4.563012303978311,-14.325199622138673,2.225727613640128,4.140599281509747
2000-07-06,-4.8908958066973,-14.902285069037118,3.021897323656998,3.8857377473488834
2000-07-07,-5.777790821528895,-14.723530196469554,2.229704155836293,3.646164944673977
2000-07-08,-6.254924420038542,-16.31548531918675,1.8540155181840126,2.262485759334904
2000-07-09,-6.088685262092574,-17.293065247878022,1.4134980058614472,2.0532957486212977
2000-07-10,-6.5182537192883725,-16.159618961907505,2.1784878637420046,2.5130930845579713
2000-07-11,-5.894405127821667,-14.30864575233428,2.0338292173746453,2.034618237596378
2000-07-12,-5.7820390752484805,-14.29004728559441,3.131954075336253,1.2116970941539769
2000-07-13,-4.207534990493093,-13.769347943976346,3.2630639956574226,2.270702313582464
2000-07-14,-4.687766163672861,-16.375581112534316,2.294400230963274,2.774518538835998
2000-07-15,-4.329857309155571,-16.753530645753074,2.377966712567212,2.7632816452048092
2000-07-16,-4.0175936861289925,-16.208267433736467,4.216203961359858,2.932007267884981
2000-07-17,-2.7953397216209424,-15.001993302186404,2.9624139266750724,2.6538913099479466
2000-07-18,-4.066532593679381,-15.410477740903763,2.9746788697838014,2.366427607923343
2000-07-19,-4.201388172345405,-14.965400175005987,4.008651902167872,2.552889939410807
2000-07-20,-2.71443226466242,-14.981134141886196,4.209855098068926,2.658597975728737
2000-07-21,-2.572828330078212,-14.694454711939546,4.864818195717875,1.4681532128509576
2000-07-22,-2.494940036013798,-14.211676609695443,3.672841436811221,-0.015046223326769859
2000-07-23,-2.7319797084902735,-12.589901947372056,1.7181669988573842,1.0563400918609358
2000-07-24,-2.5903464013777255,-11.30014038999671,2.007043421811876,2.014533664234444
2000-07-25,-2.2846448845720415,-10.639125737041299,2.735680293210288,3.3191344721628684
2000-07-26,-0.896737018248021,-10.002257947738524,1.435277129378672,2.757334897835907
2000-07-27,-1.5386129659454943,-10.716509730472465,2.350060403483907,4.364684664990229
2000-07-28,-0.9302379809882918,-8.769956078254484,2.2227722754583548,4.697900677986692
2000-07-29,-0.571532816777683,-7.69569093771147,2.616334254075769,4.457704990515724
2000-07-30,-0.11284923054945684,-7.0032761806065995,3.618636865568508,4.724190880475082
2000-07-31,0.6916210145487175,-6.990349769348581,4.771203209996499,4.441059267836142
2000-08-01,0.18657080542000026,-6.757857777804617,6.3994987062675985,5.101947638176843
2000-08-02,0.6223070647734354,-6.600318557493711,4.984950198500523,5.5423901688684225
2000-08-03,-0.24576767257047927,-7.610431131264875,6.579975891943732,6.069444060938323
2000-08-04,-2.928260905911367,-7.546903212885438,7.697376273018229,5.331029125489206
2000-08-05,-4.149576063202655,-4.423595928344042,8.509324620380168,4.293360943487694
2000-08-06,-3.9160082396854703,-4.9070995928985575,7.406311039497635,2.853254471393731
2000-08-07,-3.5060057167538803,-5.986064192201468,5.845331386297268,2.4022340099186072
2000-08-08,-3.603736607978109,-6.137556500508418,7.929172772005629,1.5536998229374666
2000-08-09,-3.0883778189263418,-4.215278977321667,7.5897515387127426,1.4325085399577968
2000-08-10,-4.735755600397569,-3.2492887918571594,6.93536941652422,1.2056619490421563
2000-08-11,-2.525456683854311,-2.385273854274576,9.265742862578367,1.7836354440491964
2000-08-12,-2.2779156669290197,-3.9387097539976557,8.000201311085345,1.9243679509545326
2000-08-13,-1.7692439059167482,-2.9214918589292758,7.836013028558949,2.524586623634686
2000-08-14,-0.8432039970233128,-2.914488278095994,8.690408644033354,0.3297407689682563
2000-08-15,0.22946433931688415,-2.8056864457190756,8.519562806675301,-0.7718578147754014
2000-08-16,-0.6113561110600989,-3.236228424031013,8.845112456013814,-0.6010958929137713
2000-08-17,-0.5710646436083768,-3.419306987264263,8.998303346909319,-1.5186189810621347
2000-08-18,-0.18593080206967377,-2.387727841702837,8.11975723374534,-2.177408894160306
2000-08-19,1.7641272421171428,-3.21180401255552,7.8259387754481695,-2.4027236041505806
2000-08-20,2.7356410927193533,-2.789174166626172,8.571121816680392,0.48426627471031214
2000-08-21,2.459601195800863,-3.490075819469911,8.83550591423309,0.011828320852061702
2000-08-22,3.347286429884249,-1.9573373494664539,8.909443352961391,-0.22541764349558796
2000-08-23,2.809548436935583,-2.7429293720397525,6.9886754735313925,0.05876398922057874
2000-08-24,3.9062405414232932,-2.723287249582523,6.7433855150497894,-0.7768370572794361
2000-08-25,4.385755555778647,-1.5404449127639892,6.738854812611388,-1.430147193954478
2000-08-26,4.187490414743105,-1.6855058787684563,7.42122666447247,-0.8312304069961808
2000-08-27,4.514720654586403,-3.1936629589507035,7.592377443118994,-0.6082888694521168
2000-08-28,6.238877873871558,-2.8265526911611167,6.999811951182058,-2.062348328125412
2000-08-29,7.177239682773756,-3.316559997056965,7.341715308461664,-1.9336041569391962
2000-08-30,6.626314922505012,-3.4067988661995106,8.568143384627284,-1.7897823680860883
2000-08-31,5.3497083812921264,-4.142492765104963,8.383819675740796,-0.5127702561793823
2000-09-01,5.071607957567935,-5.209800103069838,8.435204049767282,-0.8641102865419075
2000-09-02,5.7162456811036515,-4.675216587128986,8.535172592235941,-1.231364205200766
2000-09-03,5.169449491914016,-4.934067920126301,8.975244483302712,-2.309955076327614
2000-09-04,5.2560014273735245,-5.84951771396059,9.900814365305337,-3.7541277197096234
2000-09-05,5.34347674845848,-7.300130233438096,9.56120692230261,-5.1756025985128815
2000-09-06,3.8934225412229875,-7.871664381163519,10.32654873848161,-4.101789068094121
2000-09-07,3.732174394933627,-9.757954434447052,10.301152808458738,-3.0867024872455784
2000-09-08,2.793537736458199,-10.999979731782675,12.168755664589966,-1.5153087065439002
2000-09-09,0.9644570128870873,-11.113319822461108,12.935843951926223,-3.4181886930195797
2000-09-10,-0.12064840189067483,-9.728265376153193,11.497687174385792,-4.440045935218279
2000-09-11,-2.143639419857351,-8.212218822045067,13.167065520488222,-4.429544247396838
2000-09-12,-0.468499191576349,-7.3902289430020165,12.873758378954612,-4.661645999628442
2000-09-13,-1.9100343359692669,-8.48124935428693,11.907885589315068,-4.1808756304176535
2000-09-14,-1.0796061450701548,-7.5550795988102815,10.167673439973917,-4.426264431054257
2000-09-15,-1.159943002333764,-8.307817401984689,9.79168220164811,-6.129425891551219
2000-09-16,-2.6546323599469863,-9.80527470192636,10.560233704968626,-5.918056861355672
2000-09-17,-1.3395843924902011,-9.378962293770144,11.609049374867155,-7.379700345492586
2000-09-18,-2.947708806055698,-7.271881669268356,10.842162887180807,-7.359507720871608
2000-09-19,-3.74121457353547,-5.880235209990131,11.198662783726977,-7.375412098162133
2000-09-20,-4.677541380443881,-6.826106329754982,11.782617927382928,-7.356492427444232
2000-09-21,-4.695329034906207,-6.638073807092634,11.04620807958376,-6.957838700453772
2000-09-22,-4.7736152748923955,-8.01553513026239,11.32283004650098,-5.384769427476561
2000-09-23,-4.3151393937093,-7.361471188467611,11.370204096838044,-5.4468534105975275
2000-09-24,-3.267756339211642,-6.83730503940636,10.880372355536105,-5.414620469493794
2000-09-25,-2.679915736981743,-6.697811090974993,9.982887268977256,-5.8792296638938435
2000-09-26,-3.613828329975056,-6.524987111208963,9.375157386353145,-6.2874940414319545
2000-09-27,-2.307211982178248,-6.834292068778676,9.215564215631142,-5.6265672693731945
2000-09-28,-3.389710074517179,-7.309240477912117,9.689026312007657,-4.306543575826249
2000-09-29,-1.5043001636422626,-7.583392357586074,8.37301924105556,-4.005303747550338
2000-09-30,-1.8220106274367807,-7.227303325056909,8.203438653089467,-3.9228020033818423
2000-10-01,-0.8962328759778427,-7.376891014008152,9.439597448219123,-3.5404475127111867
2000-10-02,0.4719697345759152,-7.281070096671093,10.295084682742912,-2.669719319146044
2000-10-03,0.9036973247759399,-6.724131861636497,9.982893829325112,-0.7381233795834887
2000-10-04,1.7845761401491709,-6.6835663410619315,11.478191550888466,-1.5998086155908293
2000-10-05,1.2846309862439682,-6.993193373253701,10.69804619629586,-2.3848520652776477
2000-10-06,-0.18652651712642498,-9.309904286285127,12.376587950808718,-0.8866896438359542
2000-10-07,0.465020453126634,-10.18490694147177,13.23129464320346,0.8078093717436523
2000-10-08,0.4338595678717135,-9.351760939116588,15.22821278838662,1.2574087657765947
2000-10-09,-1.0138931760949066,-8.089399501627323,14.447058853582796,0.7935423880683283
2000-10-10,0.08871754926099995,-8.372202183583743,15.056062401484008,1.7056528384137908
2000-10-11,1.095154206758167,-9.466911807216912,15.13899703157973,1.5848846555535212
2000-10-12,-0.5400113924864127,-8.790937972997714,14.671995226373761,0.6271050190965363
2000-10-13,-0.6425375400366107,-9.673653236881435,15.603451972150665,1.5547674147428245
2000-10-14,0.34479826041972217,-10.377667378524364,15.592332032607668,3.301696164144542
2000-10-15,0.6785424621733604,-12.617307945466331,16.05650031607245,5.4103104905984525
2000-10-16,2.095252532496016,-12.51208559458042,17.769018332578284,6.310766732925255
2000-10-17,2.285834716281132,-10.950678252328478,16.025520431397563,6.655795181366715
2000-10-18,3.66015707625211,-9.63276852116779,14.732421854908154,8.090899702688153
2000-10-19,5.071715786814911,-9.501034956895026,13.739694506292889,7.280323030211312
2000-10-20,5.972548865345154,-9.362551853963565,14.203075579789585,7.79709021743246
2000-10-21,5.132116277693266,-6.946564317663462,14.077574085849514,6.379580912825402
2000-10-22,4.847489694584035,-7.253452366158174,13.288419319101223,6.688414636980516
2000-10-23,5.4207306775547055,-7.896556772339467,14.865219363903384,6.15434942049338
2000-10-24,4.05581766563623,-8.196700813787007,14.019037985984122,6.44737905086767
2000-10-25,3.416527242013579,-7.973967899505088,13.615537558286317,6.8878647839350435
2000-10-26,3.865586636745037,-9.1084369846155,13.716374632804614,5.848380943704278
2000-10-27,3.205099031305888,-9.493727836438214,13.505186882278203,6.095415497797724
2000-10-28,2.593303331100028,-10.15509528699068,13.523099198179173,6.482714169982537
2000-10-29,1.6252265907147514,-11.770648051428486,13.340114556803501,5.764367559000905
2000-10-30,0.16023550389677466,-10.856306974375611,14.775704133868942,6.854850516480731
2000-10-31,-1.3411737050925294,-11.709674089499654,13.410938826041061,6.989402491880482
2000-11-01,-1.528213159512378,-12.03605873080723,12.639756286048707,6.411195775814467
2000-11-02,-1.4569407363319922,-8.824906463481117,12.74516037862165,6.1302905009651205
2000-11-03,0.22671286638745802,-8.045537299271347,11.30864761011252,6.041891646715794
2000-11-04,1.902213867754159,-7.566826322230735,12.260610683116614,4.956895131643006
2000-11-05,1.72168226346807,-6.647082523417498,12.685691178571343,4.603848316822955
2000-11-06,2.91510447320544,-6.504838230353563,12.202016501760419,2.3310039764648574
2000-11-07,3.745627216689282,-7.062146006290683,10.951417688470443,4.2962981693684075
2000-11-08,5.025522932775065,-6.034841573498188,10.442290476052714,4.834521366259019
2000-11-09,2.3287697042075863,-6.322484029121688,12.030603244765349,5.077606185503352
2000-11-10,2.223447273145816,-5.465324857607373,11.683479193321501,4.7628280772849925
2000-11-11,3.6512468749134994,-6.29123445865383,12.736391601511738,3.930108473739089
2000-11-12,3.51732276341501,-8.53025363054418,11.691398467545445,3.4098452369251326
2000-11-13,2.8556131695527847,-7.958477387505097,11.448874946157707,4.246953519950163
2000-11-14,3.265776458945651,-6.668768235925799,11.544386275327142,3.94033804351281
2000-11-15,1.1886368397843747,-5.168210353232991,11.40315261085708,5.824525000429877
2000-11-16,-0.06431277724237372,-4.906299225115628,11.677543411748136,5.065069144765708
2000-11-17,1.1005455995819455,-5.740881678173856,11.805683585375128,5.194793228051585
2000-11-18,0.5343782418751181,-5.0631011564987025,10.198595029638913,6.952830786704665
2000-11-19,-1.4204170873711086,-4.5178578265411025,11.296159370905535,7.280744619424807
2000-11-20,-1.650359519048321,-5.418601846543709,12.49092374081368,8.277285961864566
2000-11-21,-3.433140616050559,-5.141586065295823,11.608024411909298,7.713353007719798
2000-11-22,-2.666543850442671,-4.862389885829392,11.002891791712566,7.254234347505973
2000-11-23,-1.5661180382071762,-5.394696831576421,10.652000628131187,6.844995206287944
2000-11-24,-0.9625711531731582,-5.2844981087965275,9.414693106235923,6.405520762490976
2000-11-25,-0.49574114026817456,-5.061216050393788,8.212808589247635,7.1894383570334455
2000-11-26,1.8182648542925053,-5.334122691239541,7.549256131214821,5.635381511795386
2000-11-27,3.4048116250450446,-3.1065667841181543,8.189824252441921,5.570358042006598
2000-11-28,1.9494529797973243,-4.685431036042599,8.59696335284682,5.587786236446754
2000-11-29,0.8770795467115347,-3.6451963392044266,7.933780706048509,5.982573914466012
2000-11-30,1.3099955233689267,-2.570239665555146,7.821019562874505,6.593132909756232
2000-12-01,3.0954376458210993,-0.986946595419057,6.752019986201898,6.696308545458326
2000-12-02,2.3809622855460986,-1.4671487856162195,6.123243456368087,8.968657566496022
2000-12-03,2.99948957460466,-2.343393892791325,5.039754556021769,8.841259982314247
2000-12-04,2.4885093011119435,-1.065155387773991,3.370140636415913,9.978166939418546
2000-12-05,2.5557554877073176,0.30627981665993276,3.2881975821883223,9.116430946351048
2000-12-06,1.5614260093182324,-0.4384347618484614,4.97236351019329,8.141957441378327
2000-12-07,1.7341348014661206,1.565430584823199,6.929670242583448,5.677406899925179
2000-12-08,1.2758731953114633,1.7645045777330277,8.136404323075253,3.9568468970347492
2000-12-09,0.6694235918908654,1.3636649362444466,7.306274289110622,2.649739486831206
2000-12-10,0.0802837469828529,2.1827171967474994,7.094306551835175,1.9316126650124403
2000-12-11,0.42535074519922195,2.40885132722593,7.759404591792617,1.4000614366852564
2000-12-12,0.8496671935946377,2.0209958688882033,7.597031605841816,1.1094645425479046
2000-12-13,0.9972120071168489,1.9042192382288432,7.1379178091082345,0.18913225349537044
2000-12-14,2.394197245925952,1.5488040462333033,5.698856042502028,0.04009004155092913
2000-12-15,0.28121066086570146,0.5834517980065262,6.246533681496623,2.4428318859229408
2000-12-16,1.1953822485951675,0.6906258287294814,5.944239921179212,2.3384843147991616
2000-12-17,2.14474214658122,0.14081937626422425,6.063620345578586,2.9485635818430316
2000-12-18,1.766729222505814,0.5645319920502487,7.356833508331076,2.365733666857542
2000-12-19,2.280400013837154,-0.11761871541058588,6.799441249907101,2.3849769879534715
2000-12-20,2.9186190457060075,-1.3867645487621019,5.3484447682335405,2.1133182697149846
2000-12-21,2.7164763188467718,-0.7972630363643124,4.997971955800253,1.7014804788728737
2000-12-22,3.4034679352997568,-1.3514693546623517,6.194931594722181,2.3725815046169423
2000-12-23,4.413195396255212,-1.07710666839486,5.875040202327371,2.0242731156350016
2000-12-24,3.046744503536959,-0.7577942035765433,5.405308597823852,2.9409296000690186
2000-12-25,2.314788316139293,-0.09783852095430046,6.141535915617802,3.6502411448714307
2000-12-26,2.2037473803450167,-1.13371853624764,5.76413930972746,0.7793818470240694
2000-12-27,2.9615825747683875,-0.628293824498381,5.514147230490394,1.2645084604752892
2000-12-28,3.5040758949290667,0.04740761562043527,5.511939238216263,1.2113380977681962
2000-12-29,5.101067331392227,-1.0758397476349864,6.916843012497485,1.290654518039862
2000-12-30,5.584167389632382,-2.2915438397768,6.492276349697477,0.764272450858363
2000-12-31,6.731770488575548,-2.4486260111267093,5.322811530187731,0.6883364197014402
2001-01-01,7.402258156248287,-3.063667950092179,5.851648078682605,1.431295954852406
2001-01-02,7.838577222471856,-1.8635371406223475,5.6885344834678095,-0.524225665602468
2001-01-03,8.872558298093168,-4.657475541161556,7.380439757319185,1.2403662737965804
2001-01-04,9.379426613325023,-4.421324008464165,6.204775886707294,1.4804189656623208
2001-01-05,8.711587729908628,-4.677814450091854,4.660848026789144,1.563392455373038
2001-01-06,8.668880200875206,-3.889844625720867,6.276546801249717,0.5138033830202389
2001-01-07,8.920438866865625,-2.7669397965518625,6.657674065731247,0.15182240871689384
2001-01-08,11.048282255878268,-4.382376579882344,7.39634249277755,-1.3863280820388297
2001-01-09,10.294328622343444,-1.750990763475055,8.448649332808355,-2.5977725105298566
2001-01-10,11.077906904169193,-3.508520724424061,8.191433284391524,-2.071446487783353
2001-01-11,10.828112405160747,-3.3522843121271393,6.556394128080188,-2.3065727303183734
2001-01-12,8.875265622666866,-3.1247018757541083,6.98556304861834,-2.0715056833299403
2001-01-13,8.40139417527425,-1.307994938255925,8.317748397377791,-2.814267109725261
2001-01-14,9.884297617956083,-0.09178961552534193,8.245654182630615,-3.3055190995446253
2001-01-15,8.469386042304926,-0.9506509280006709,8.753183043693227,-3.5488717966863597
2001-01-16,8.977894840391563,-0.9349776716810513,8.822660550912193,-3.2783721099208045
2001-01-17,10.188566696173652,-1.057745604433689,9.483883136519967,-1.9404867896515028
2001-01-18,8.996496833439313,-1.601295013480205,9.722717790578027,-2.6604889053221976
2001-01-19,8.41367929204463,-1.742302214607057,9.605728414322561,-1.6982238651352604
2001-01-20,7.15244013001714,-1.6442137380889692,11.466506151952931,-2.965776373934469
2001-01-21,8.397803597758703,-2.631412945242935,11.396645768111071,-3.1144353325265937
2001-01-22,8.438960662499523,-3.2339133884078892,11.03223809497043,-3.70072239360365
2001-01-23,7.544103639300098,-4.284344584662992,10.70923562003769,-3.6326237797463503
2001-01-24,7.4096585073581664,-4.37456046007177,11.219500159899143,-3.2555844972306156
2001-01-25,7.155124896432338,-6.654292634916569,10.022487437306534,-3.027495979237183
2001-01-26,9.489513498984579,-6.975702737776909,10.885325701530597,-2.7855056560306757
2001-01-27,9.10231489861845,-6.686276265094943,10.020973264009909,-2.6548282406962196
2001-01-28,9.087306391173774,-5.59942210993877,10.591727433672782,-3.480029424275281
2001-01-29,7.5692988224954005,-6.593367025179928,9.712623796596075,-1.8064027075736115
2001-01-30,6.274171744033719,-5.541845622294339,10.432769833036337,-3.057363244303116
2001-01-31,5.807017133265211,-5.522335673556013,11.062358311724633,-4.079530567400092
2001-02-01,7.1634630231181475,-5.448047654153671,10.996222280869958,-4.421599561153835
2001-02-02,7.750677241925024,-6.781272397246063,9.189072040980015,-4.478377441815298
2001-02-03,5.760291313400424,-5.630883931739117,9.278239340506014,-5.609346362538473
2001-02-04,4.957361778338686,-6.52136381491604,10.167892201015189,-6.235440507567813
2001-02-05,4.276910881691381,-6.389956136658507,11.041109353337927,-5.940305630908733
2001-02-06,3.1500157623421243,-7.294428197953892,10.496567091320895,-5.956798185067873
2001-02-07,4.262256164937826,-7.828738331497576,9.090951143655579,-6.124437663083082
2001-02-08,4.53140507938417,-8.947455604369958,9.014778363561048,-7.589568374545591
2001-02-09,4.094458104118232,-8.117341536200598,11.057622107167942,-6.27956259711368
2001-02-10,3.430075163133729,-7.5065295998795865,12.261084608933112,-6.78543789814291
2001-02-11,4.754388122845075,-8.54340771885264,12.307887205100362,-6.011331452116437
2001-02-12,3.381009005534724,-9.428863177299847,14.518172776011962,-5.54145884728842
2001-02-13,2.974051582963098,-8.57967409459964,15.761080873876432,-3.7474727817087627
2001-02-14,1.489835978716376,-9.725425455053447,15.671364318062302,-4.122340741793469
2001-02-15,1.6851362379442825,-10.37968804110035,15.678284639750906,-3.482058029865022
2001-02-16,2.881347885651186,-9.656125402437215,15.576792181677087,-3.997225211362
2001-02-17,4.386872424735745,-9.295229667811514,15.824407684397904,-3.575865804866294
2001-02-18,3.901618043985468,-9.367700370698932,14.481153578122347,-2.036210642077351
2001-02-19,5.097177111593377,-9.82098447404185,15.00250698133968,-2.0908506961279505
2001-02-20,4.418381974756535,-9.877204591777828,14.280299541989942,-2.23060492966238
2001-02-21,4.642623469169286,-8.62968309651774,13.998979812143332,-2.251748231466981
2001-02-22,4.270699489930852,-8.76700382381814,13.951129641708558,-0.6894026853763817
2001-02-23,4.026597137024805,-10.517808131943713,14.820832272979732,-2.2260142158782683
2001-02-24,3.686208880270501,-10.484736593014063,15.485742624782539,-3.332970659401051
2001-02-25,1.9756322399477337,-11.676813781048088,15.055333703620052,-3.5739642468324115
2001-02-26,3.4245896877601627,-10.365111877333042,15.454468982316655,-2.9674713172774814
2001-02-27,4.386216828937139,-11.957138765843464,14.234927412656603,-3.9796606379940207
2001-02-28,6.4049964570887665,-12.146279862907322,13.137796002792633,-5.096318922278617
2001-03-01,5.688775554458561,-13.204161085717942,13.624861107603593,-6.197151684906059
2001-03-02,6.508203807138992,-14.172516802516787,13.927170378925435,-7.796932702643163
2001-03-03,7.6227157956628,-13.326921157631014,14.220859604326298,-6.1902684507461085
2001-03-04,7.058033533057227,-13.008374250446122,15.026374793167783,-6.538381463538649
2001-03-05,7.456712741009693,-11.608123492759264,15.462019018893761,-6.131149348796326
2001-03-06,7.422350325099482,-12.822964865634404,17.10935863552894,-7.260572564821032
2001-03-07,5.535839284393838,-13.415311158814868,18.979756040289192,-8.756663155203448
2001-03-08,6.567961966096345,-13.961425724809065,18.458355488774913,-8.090153963032677
2001-03-09,7.848175441138805,-14.93619661862241,19.13589584085857,-8.399899755736726
2001-03-10,7.880000317034418,-15.142014383166842,18.2194583315155,-9.926392555633521
2001-03-11,7.472433353562366,-16.19349848445992,18.057844257673942,-9.632216445807058
2001-03-12,8.88299467774506,-15.242975497282487,17.93971936142779,-9.617067558560962
2001-03-13,9.776549622552592,-15.872396991027829,18.960037277414152,-8.571999571652812
2001-03-14,10.77703538530756,-14.607507549537708,19.414157910992316,-9.37966923843711
2001-03-15,11.476718302373781,-14.467523645238973,19.9488323119543,-7.765283123188929
2001-03-16,11.152072332567828,-14.615404713937167,20.02581331179299,-5.0167965475757414
2001-03-17,9.698937630306872,-14.368040929629718,19.337236423720746,-6.635190200744668
2001-03-18,9.101467991016,-14.709415854051738,19.6322655119377,-6.2213351160768235
2001-03-19,8.997704942135709,-14.73553024061679,20.416486560741607,-7.73818571961158
2001-03-20,9.054864613506583,-15.08418670155946,19.56652354797172,-7.944210245729909
2001-03-21,9.05682677616217,-17.06798054604683,19.57535556122908,-7.1953550536974955
2001-03-22,8.353367391027714,-16.138154774659647,18.175561132859794,-5.522908603048821
2001-03-23,9.116667555566725,-15.302923573074596,15.056189402858939,-4.052883170332775
2001-03-24,10.304692491574857,-13.927298052850048,14.635480141424695,-3.7290628935420953
2001-03-25,11.912679562331387,-12.979924694838978,14.443407610514045,-3.169887270553869
2001-03-26,12.060627567267305,-13.051650160587926,12.422115615991267,-3.3684673949120825
2001-03-27,11.52516449533322,-13.93712057962579,13.690971442400464,-4.804347892460537
2001-03-28,10.813035123198551,-14.759920659531303,11.969866216797021,-4.578700039929055
2001-03-29,10.482296274847283,-13.638485964118379,12.360571372442172,-3.9083380523886304
2001-03-30,9.934675782002351,-14.833917637282605,12.377886254443908,-4.458593184381448
2001-03-31,9.38557994126808,-14.322847690620446,13.886563078978213,-4.131384273968582
2001-04-01,10.467259857692724,-13.46421832223026,14.444503189173853,-4.520123049768048
2001-04-02,9.657288036569367,-13.751643250570162,13.881290854250224,-5.050220803309548
2001-04-03,9.441717496636766,-11.743046028544478,12.897891146330029,-4.6430528593142
2001-04-04,9.038308999417639,-9.289049589448945,13.518952184898671,-5.9928418765496545
2001-04-05,9.657885541438137,-9.149291396655444,12.732461653537335,-5.926187857643567
2001-04-06,6.370817916107322,-10.621510786509731,12.373356916563251,-4.787614892143252
2001-04-07,6.79092569662858,-10.87377394620595,15.499586896844137,-4.36984560272427
2001-04-08,6.026301105316066,-12.253833272988704,14.609529646179645,-4.09233613739852
2001-04-09,8.22159035387238,-14.221327128971101,14.322498155453726,-4.789586308366902
2001-04-10,9.121988383650551,-13.207763441604472,13.278990135746565,-5.070827459974055
2001-04-11,8.857016675160908,-12.718180168597312,14.28584244404204,-7.43360014667393
2001-04-12,9.746036646571314,-12.953605611268584,13.113100010785779,-7.760297040565278
2001-04-13,10.846111000925564,-12.013997672691714,13.999447917936315,-6.932917755059002
2001-04-14,12.071502370141975,-10.354769114974154,13.238882934137846,-5.816154280783834
2001-04-15,12.88722004362721,-8.733334877299608,13.354406791457233,-6.116503777469968
2001-04-16,12.944345999249602,-9.610670287556053,14.953034565989519,-5.943660537099372
2001-04-17,13.57782859035901,-6.971190001601239,14.491392884197287,-7.630413712551583
2001-04-18,14.310755846079802,-7.441444329707648,14.48857512013244,-6.92465472320543
2001-04-19,13.838644950337267,-8.466537435820593,12.673574477447051,-6.576032450351497
2001-04-20,15.336343857801584,-7.817455800697105,12.849258475778338,-6.386863921350064
2001-04-21,16.167976094047038,-6.337356281304665,12.77477200232161,-5.742582258705734
2001-04-22,15.79616458936194,-7.57308978722838,11.601907088941674,-5.5532471645191706
2001-04-23,17.200800304324716,-6.9617469975052355,10.297933298980253,-6.399916852480394
2001-04-24,16.538856879741246,-7.248465616765136,10.701500396977695,-6.983085368131487
2001-04-25,17.557058389686425,-5.65234429715697,13.103026310431318,-7.409522601005011
2001-04-26,16.253064788321755,-6.5300877996147575,13.183153282868773,-9.19817792731771
2001-04-27,16.962725039913135,-4.8833284592733595,12.783824844439737,-9.751855620358388
2001-04-28,16.006230119375907,-4.150681224177582,14.230731473049326,-9.225768569853741
2001-04-29,17.612257989113118,-4.499172404859417,13.407746853066758,-10.53108679425598
2001-04-30,16.766866354130222,-4.308121913809935,14.121287004237495,-10.14580069226896
2001-05-01,15.585754926279455,-3.3603199358531737,14.35265041993822,-9.967843714671645
2001-05-02,16.575650931961565,-2.099784930373615,15.967263302059587,-10.20480605423772
2001-05-03,16.008744745799618,-1.0123794972072684,16.965663571684587,-10.219232840817527
2001-05-04,15.608033160456301,-1.6244441392020659,17.012033388325296,-11.218818895042496
2001-05-05,17.919776208466715,-0.7655812379637182,17.95937970772245,-10.02382903384185
2001-05-06,17.40295899055856,0.03210667514256471,16.238593791460065,-10.504219028459046
2001-05-07,18.060347899299707,0.7781077309596399,18.08731763568335,-9.920987776071886
2001-05-08,17.612476447951504,-0.1488872345551101,17.23736568293079,-9.78221305761761
2001-05-09,15.258530893431942,-1.105516348077542,16.41121084721643,-10.47092319468659
2001-05-10,14.753085490141412,-2.9004931437143795,16.183077591471996,-10.291306113181369
2001-05-11,13.206841463428885,-2.032601048091683,15.288098813056468,-10.997414596114806
2001-05-12,13.642767973534708,0.18110617402450968,14.42615707291241,-10.890911923163856
2001-05-13,12.505857198940696,0.6241479519966717,13.914246504450762,-12.959890888199176
2001-05-14,13.801934677081054,1.5315585583364637,14.348466039435639,-14.789650321455225
